task_name,gold_standard_file,coverage,conf,pearson_score,spearman_score,harmonic_mean
DocumentSimilarity,LP50,0.21003134796238246,with_weights,0.386165924126325,0.387054367056131,0.386609635173403
DocumentSimilarity,LP50,0.21003134796238246,without_weights,0.19437710336779,0.168528489820348,0.180532239244077
