task_name,gold_standard_file,coverage,conf,pearson_score,spearman_score,harmonic_mean
DocumentSimilarity,LP50,0.21003134796238246,with_weights,0.281177455745865,0.271996479573568,0.276510779757418
DocumentSimilarity,LP50,0.21003134796238246,without_weights,0.17523197688403,0.163212723222691,0.169008928985561
