task_name,gold_standard_file,coverage,conf,pearson_score,spearman_score,harmonic_mean
DocumentSimilarity,LP50,0.21003134796238246,with_weights,0.362292434310551,0.34394819350614,0.352882072749854
DocumentSimilarity,LP50,0.21003134796238246,without_weights,0.239372134901818,0.241766996499291,0.240563605509732
