task_name,gold_standard_file,coverage,conf,pearson_score,spearman_score,harmonic_mean
DocumentSimilarity,LP50,0.9216300940438872,with_weights,0.361440791601725,0.307687368593143,0.332404979153081
DocumentSimilarity,LP50,0.9216300940438872,without_weights,0.315964543328454,0.273805729291566,0.293378307563708
