task_name,gold_standard_file,coverage,conf,pearson_score,spearman_score,harmonic_mean
DocumentSimilarity,LP50,0.21003134796238246,with_weights,0.351200739512421,0.283699577726142,0.313861873404435
DocumentSimilarity,LP50,0.21003134796238246,without_weights,0.193524756023346,0.156781693783753,0.173226265489177
