task_name,gold_standard_file,coverage,conf,pearson_score,spearman_score,harmonic_mean
DocumentSimilarity,LP50,0.21003134796238246,with_weights,0.377036439334136,0.329555348049509,0.351700592083572
DocumentSimilarity,LP50,0.21003134796238246,without_weights,0.210312659280352,0.188229360933081,0.19865918997087
